method,variant,run_id,training_mode,checkpoint_identity,checkpoint_sha256,split,site,plot_id,point_count,evaluated_point_count,predicted_instances,reference_instances,true_positives,false_positives,false_negatives,precision,recall,f1,mean_matched_iou,median_matched_iou,evaluation_protocol,matching_policy,evaluation_mask,iou_threshold,source_metrics_sha256
treex,published_default,treex_for_instance_exact_path_subset,external_training_only,not_applicable,,test,CULS,CULS/plot_2_annotated,3946098,1254737,20,20,20,0,0,1.0,1.0,1.0,0.9384354128263748,0.9469902723567962,for_instance_pointwise_v2,maximum_cardinality_one_to_one,union_of_reference_tree_and_eligible_prediction_points,0.5,61a58861aee504cf3707690e17568559a3863cec758e4930ff9691606696df3a
treex,published_default,treex_for_instance_exact_path_subset,external_training_only,not_applicable,,test,NIBIO,NIBIO/plot_17_annotated,6890118,2916218,32,30,24,8,6,0.75,0.8,0.7741935483870969,0.7656396146354781,0.7672471486160339,for_instance_pointwise_v2,maximum_cardinality_one_to_one,union_of_reference_tree_and_eligible_prediction_points,0.5,61a58861aee504cf3707690e17568559a3863cec758e4930ff9691606696df3a
treex,published_default,treex_for_instance_exact_path_subset,external_training_only,not_applicable,,test,NIBIO,NIBIO/plot_18_annotated,6915118,2121140,29,27,20,9,7,0.6896551724137931,0.7407407407407407,0.7142857142857143,0.8059211579779617,0.8393309758803489,for_instance_pointwise_v2,maximum_cardinality_one_to_one,union_of_reference_tree_and_eligible_prediction_points,0.5,61a58861aee504cf3707690e17568559a3863cec758e4930ff9691606696df3a
treex,published_default,treex_for_instance_exact_path_subset,external_training_only,not_applicable,,test,NIBIO,NIBIO/plot_1_annotated,5000698,2602403,34,37,21,13,16,0.6176470588235294,0.5675675675675675,0.5915492957746479,0.7430180467044374,0.7584620440354913,for_instance_pointwise_v2,maximum_cardinality_one_to_one,union_of_reference_tree_and_eligible_prediction_points,0.5,61a58861aee504cf3707690e17568559a3863cec758e4930ff9691606696df3a
treex,published_default,treex_for_instance_exact_path_subset,external_training_only,not_applicable,,test,NIBIO,NIBIO/plot_22_annotated,6366607,2526896,26,20,15,11,5,0.5769230769230769,0.75,0.6521739130434783,0.7814007533960871,0.7831010176559915,for_instance_pointwise_v2,maximum_cardinality_one_to_one,union_of_reference_tree_and_eligible_prediction_points,0.5,61a58861aee504cf3707690e17568559a3863cec758e4930ff9691606696df3a
treex,published_default,treex_for_instance_exact_path_subset,external_training_only,not_applicable,,test,NIBIO,NIBIO/plot_23_annotated,6163377,2416637,28,28,20,8,8,0.7142857142857143,0.7142857142857143,0.7142857142857143,0.7910732767205648,0.8105549235614465,for_instance_pointwise_v2,maximum_cardinality_one_to_one,union_of_reference_tree_and_eligible_prediction_points,0.5,61a58861aee504cf3707690e17568559a3863cec758e4930ff9691606696df3a
treex,published_default,treex_for_instance_exact_path_subset,external_training_only,not_applicable,,test,NIBIO,NIBIO/plot_5_annotated,5223631,2008445,31,19,8,23,11,0.25806451612903225,0.42105263157894735,0.31999999999999995,0.763285235619259,0.7518230558819632,for_instance_pointwise_v2,maximum_cardinality_one_to_one,union_of_reference_tree_and_eligible_prediction_points,0.5,61a58861aee504cf3707690e17568559a3863cec758e4930ff9691606696df3a
treex,published_default,treex_for_instance_exact_path_subset,external_training_only,not_applicable,,test,RMIT,RMIT/test,357435,200039,18,64,9,9,55,0.5,0.140625,0.21951219512195122,0.8964955219132982,0.9637243047158404,for_instance_pointwise_v2,maximum_cardinality_one_to_one,union_of_reference_tree_and_eligible_prediction_points,0.5,61a58861aee504cf3707690e17568559a3863cec758e4930ff9691606696df3a
treex,published_default,treex_for_instance_exact_path_subset,external_training_only,not_applicable,,test,SCION,SCION/plot_31_annotated,2977537,2161034,21,25,16,5,9,0.7619047619047619,0.64,0.6956521739130435,0.8015884083383253,0.8264728665776523,for_instance_pointwise_v2,maximum_cardinality_one_to_one,union_of_reference_tree_and_eligible_prediction_points,0.5,61a58861aee504cf3707690e17568559a3863cec758e4930ff9691606696df3a
treex,published_default,treex_for_instance_exact_path_subset,external_training_only,not_applicable,,test,SCION,SCION/plot_61_annotated,3589254,2217297,15,18,10,5,8,0.6666666666666666,0.5555555555555556,0.606060606060606,0.8172652085512151,0.8115489846381737,for_instance_pointwise_v2,maximum_cardinality_one_to_one,union_of_reference_tree_and_eligible_prediction_points,0.5,61a58861aee504cf3707690e17568559a3863cec758e4930ff9691606696df3a
treex,published_default,treex_for_instance_exact_path_subset,external_training_only,not_applicable,,test,TUWIEN,TUWIEN/test,2280049,1223351,42,35,14,28,21,0.3333333333333333,0.4,0.3636363636363636,0.7372842800514755,0.7088084239169883,for_instance_pointwise_v2,maximum_cardinality_one_to_one,union_of_reference_tree_and_eligible_prediction_points,0.5,61a58861aee504cf3707690e17568559a3863cec758e4930ff9691606696df3a
treex,development_tuned,treex_for-instance_development_tuned_held_out_test_20260728_133246,external_training_only,not_applicable,,test,CULS,CULS/plot_2_annotated,3946098,1254739,20,20,20,0,0,1.0,1.0,1.0,0.9384496727294105,,for_instance_pointwise_v2,maximum_cardinality_one_to_one,union_of_reference_tree_and_eligible_prediction_points,0.5,35aedbe9075a73170eb45c7e44d3f8b222b59196499edddc20096d9cc9589b64
treex,development_tuned,treex_for-instance_development_tuned_held_out_test_20260728_133246,external_training_only,not_applicable,,test,NIBIO,NIBIO/plot_17_annotated,6890118,2840135,32,30,22,10,8,0.6875,0.7333333333333333,0.7096774193548386,0.7795446438170676,,for_instance_pointwise_v2,maximum_cardinality_one_to_one,union_of_reference_tree_and_eligible_prediction_points,0.5,35aedbe9075a73170eb45c7e44d3f8b222b59196499edddc20096d9cc9589b64
treex,development_tuned,treex_for-instance_development_tuned_held_out_test_20260728_133246,external_training_only,not_applicable,,test,NIBIO,NIBIO/plot_18_annotated,6915118,2123017,29,27,19,10,8,0.6551724137931034,0.7037037037037037,0.6785714285714286,0.7974164640159802,,for_instance_pointwise_v2,maximum_cardinality_one_to_one,union_of_reference_tree_and_eligible_prediction_points,0.5,35aedbe9075a73170eb45c7e44d3f8b222b59196499edddc20096d9cc9589b64
treex,development_tuned,treex_for-instance_development_tuned_held_out_test_20260728_133246,external_training_only,not_applicable,,test,NIBIO,NIBIO/plot_1_annotated,5000698,2603620,35,37,20,15,17,0.5714285714285714,0.5405405405405406,0.5555555555555556,0.743003732220233,,for_instance_pointwise_v2,maximum_cardinality_one_to_one,union_of_reference_tree_and_eligible_prediction_points,0.5,35aedbe9075a73170eb45c7e44d3f8b222b59196499edddc20096d9cc9589b64
treex,development_tuned,treex_for-instance_development_tuned_held_out_test_20260728_133246,external_training_only,not_applicable,,test,NIBIO,NIBIO/plot_22_annotated,6366607,2531323,27,20,15,12,5,0.5555555555555556,0.75,0.6382978723404256,0.7809014486001968,,for_instance_pointwise_v2,maximum_cardinality_one_to_one,union_of_reference_tree_and_eligible_prediction_points,0.5,35aedbe9075a73170eb45c7e44d3f8b222b59196499edddc20096d9cc9589b64
treex,development_tuned,treex_for-instance_development_tuned_held_out_test_20260728_133246,external_training_only,not_applicable,,test,NIBIO,NIBIO/plot_23_annotated,6163377,2421989,28,28,20,8,8,0.7142857142857143,0.7142857142857143,0.7142857142857143,0.7880867668798026,,for_instance_pointwise_v2,maximum_cardinality_one_to_one,union_of_reference_tree_and_eligible_prediction_points,0.5,35aedbe9075a73170eb45c7e44d3f8b222b59196499edddc20096d9cc9589b64
treex,development_tuned,treex_for-instance_development_tuned_held_out_test_20260728_133246,external_training_only,not_applicable,,test,NIBIO,NIBIO/plot_5_annotated,5223631,2018196,18,19,5,13,14,0.2777777777777778,0.2631578947368421,0.27027027027027023,0.8103360979459525,,for_instance_pointwise_v2,maximum_cardinality_one_to_one,union_of_reference_tree_and_eligible_prediction_points,0.5,35aedbe9075a73170eb45c7e44d3f8b222b59196499edddc20096d9cc9589b64
treex,development_tuned,treex_for-instance_development_tuned_held_out_test_20260728_133246,external_training_only,not_applicable,,test,RMIT,RMIT/test,357435,199184,27,64,12,15,52,0.4444444444444444,0.1875,0.26373626373626374,0.8818972706629927,,for_instance_pointwise_v2,maximum_cardinality_one_to_one,union_of_reference_tree_and_eligible_prediction_points,0.5,35aedbe9075a73170eb45c7e44d3f8b222b59196499edddc20096d9cc9589b64
treex,development_tuned,treex_for-instance_development_tuned_held_out_test_20260728_133246,external_training_only,not_applicable,,test,SCION,SCION/plot_31_annotated,2977537,2167466,23,25,18,5,7,0.782608695652174,0.72,0.7499999999999999,0.7883281545423525,,for_instance_pointwise_v2,maximum_cardinality_one_to_one,union_of_reference_tree_and_eligible_prediction_points,0.5,35aedbe9075a73170eb45c7e44d3f8b222b59196499edddc20096d9cc9589b64
treex,development_tuned,treex_for-instance_development_tuned_held_out_test_20260728_133246,external_training_only,not_applicable,,test,SCION,SCION/plot_61_annotated,3589254,2213903,16,18,12,4,6,0.75,0.6666666666666666,0.7058823529411765,0.8024693515988158,,for_instance_pointwise_v2,maximum_cardinality_one_to_one,union_of_reference_tree_and_eligible_prediction_points,0.5,35aedbe9075a73170eb45c7e44d3f8b222b59196499edddc20096d9cc9589b64
treex,development_tuned,treex_for-instance_development_tuned_held_out_test_20260728_133246,external_training_only,not_applicable,,test,TUWIEN,TUWIEN/test,2280049,1226372,57,35,17,40,18,0.2982456140350877,0.4857142857142857,0.3695652173913043,0.7415194868400503,,for_instance_pointwise_v2,maximum_cardinality_one_to_one,union_of_reference_tree_and_eligible_prediction_points,0.5,35aedbe9075a73170eb45c7e44d3f8b222b59196499edddc20096d9cc9589b64
segmentanytree,published_default,segmentanytree_for-instance_published_pretrained_20260710_231601,published_pretrained,PointGroup-PAPER.pt in the published container,0b4d74b4644e37a16f59008ad0f5c62894fc4d2d906f3abd803bbfc5b5dd803a,test,CULS,CULS/plot_2_annotated,3946098,1255448,23,20,20,3,0,0.8695652173913043,1.0,0.9302325581395349,0.976602030863474,,for_instance_pointwise_v2,maximum_cardinality_one_to_one,union_of_reference_tree_and_eligible_prediction_points,0.5,228de89efd8dcc5fe267196d1617f8f434132a9d9ed84d5beb585ed5ca4953cb
segmentanytree,published_default,segmentanytree_for-instance_published_pretrained_20260710_231601,published_pretrained,PointGroup-PAPER.pt in the published container,0b4d74b4644e37a16f59008ad0f5c62894fc4d2d906f3abd803bbfc5b5dd803a,test,NIBIO,NIBIO/plot_17_annotated,6890118,2644409,30,30,28,2,2,0.9333333333333333,0.9333333333333333,0.9333333333333333,0.8908749256140475,,for_instance_pointwise_v2,maximum_cardinality_one_to_one,union_of_reference_tree_and_eligible_prediction_points,0.5,228de89efd8dcc5fe267196d1617f8f434132a9d9ed84d5beb585ed5ca4953cb
segmentanytree,published_default,segmentanytree_for-instance_published_pretrained_20260710_231601,published_pretrained,PointGroup-PAPER.pt in the published container,0b4d74b4644e37a16f59008ad0f5c62894fc4d2d906f3abd803bbfc5b5dd803a,test,NIBIO,NIBIO/plot_18_annotated,6915118,2094791,28,27,26,2,1,0.9285714285714286,0.9629629629629629,0.9454545454545454,0.8675255548736749,,for_instance_pointwise_v2,maximum_cardinality_one_to_one,union_of_reference_tree_and_eligible_prediction_points,0.5,228de89efd8dcc5fe267196d1617f8f434132a9d9ed84d5beb585ed5ca4953cb
segmentanytree,published_default,segmentanytree_for-instance_published_pretrained_20260710_231601,published_pretrained,PointGroup-PAPER.pt in the published container,0b4d74b4644e37a16f59008ad0f5c62894fc4d2d906f3abd803bbfc5b5dd803a,test,NIBIO,NIBIO/plot_1_annotated,5000698,2375867,27,37,23,4,14,0.8518518518518519,0.6216216216216216,0.7187499999999999,0.8286304358559545,,for_instance_pointwise_v2,maximum_cardinality_one_to_one,union_of_reference_tree_and_eligible_prediction_points,0.5,228de89efd8dcc5fe267196d1617f8f434132a9d9ed84d5beb585ed5ca4953cb
segmentanytree,published_default,segmentanytree_for-instance_published_pretrained_20260710_231601,published_pretrained,PointGroup-PAPER.pt in the published container,0b4d74b4644e37a16f59008ad0f5c62894fc4d2d906f3abd803bbfc5b5dd803a,test,NIBIO,NIBIO/plot_22_annotated,6366607,2338289,21,20,18,3,2,0.8571428571428571,0.9,0.8780487804878048,0.8821436727777032,,for_instance_pointwise_v2,maximum_cardinality_one_to_one,union_of_reference_tree_and_eligible_prediction_points,0.5,228de89efd8dcc5fe267196d1617f8f434132a9d9ed84d5beb585ed5ca4953cb
segmentanytree,published_default,segmentanytree_for-instance_published_pretrained_20260710_231601,published_pretrained,PointGroup-PAPER.pt in the published container,0b4d74b4644e37a16f59008ad0f5c62894fc4d2d906f3abd803bbfc5b5dd803a,test,NIBIO,NIBIO/plot_23_annotated,6163377,2346517,30,28,23,7,5,0.7666666666666667,0.8214285714285714,0.793103448275862,0.8282370365390691,,for_instance_pointwise_v2,maximum_cardinality_one_to_one,union_of_reference_tree_and_eligible_prediction_points,0.5,228de89efd8dcc5fe267196d1617f8f434132a9d9ed84d5beb585ed5ca4953cb
segmentanytree,published_default,segmentanytree_for-instance_published_pretrained_20260710_231601,published_pretrained,PointGroup-PAPER.pt in the published container,0b4d74b4644e37a16f59008ad0f5c62894fc4d2d906f3abd803bbfc5b5dd803a,test,NIBIO,NIBIO/plot_5_annotated,5223631,1873107,23,19,15,8,4,0.6521739130434783,0.7894736842105263,0.7142857142857143,0.8551574080750268,,for_instance_pointwise_v2,maximum_cardinality_one_to_one,union_of_reference_tree_and_eligible_prediction_points,0.5,228de89efd8dcc5fe267196d1617f8f434132a9d9ed84d5beb585ed5ca4953cb
segmentanytree,published_default,segmentanytree_for-instance_published_pretrained_20260710_231601,published_pretrained,PointGroup-PAPER.pt in the published container,0b4d74b4644e37a16f59008ad0f5c62894fc4d2d906f3abd803bbfc5b5dd803a,test,RMIT,RMIT/test,357435,178353,81,64,38,43,26,0.4691358024691358,0.59375,0.5241379310344828,0.8165401196293979,,for_instance_pointwise_v2,maximum_cardinality_one_to_one,union_of_reference_tree_and_eligible_prediction_points,0.5,228de89efd8dcc5fe267196d1617f8f434132a9d9ed84d5beb585ed5ca4953cb
segmentanytree,published_default,segmentanytree_for-instance_published_pretrained_20260710_231601,published_pretrained,PointGroup-PAPER.pt in the published container,0b4d74b4644e37a16f59008ad0f5c62894fc4d2d906f3abd803bbfc5b5dd803a,test,SCION,SCION/plot_31_annotated,2977537,2052077,30,25,21,9,4,0.7,0.84,0.7636363636363636,0.9007004519640883,,for_instance_pointwise_v2,maximum_cardinality_one_to_one,union_of_reference_tree_and_eligible_prediction_points,0.5,228de89efd8dcc5fe267196d1617f8f434132a9d9ed84d5beb585ed5ca4953cb
segmentanytree,published_default,segmentanytree_for-instance_published_pretrained_20260710_231601,published_pretrained,PointGroup-PAPER.pt in the published container,0b4d74b4644e37a16f59008ad0f5c62894fc4d2d906f3abd803bbfc5b5dd803a,test,SCION,SCION/plot_61_annotated,3589254,2126120,19,18,16,3,2,0.8421052631578947,0.8888888888888888,0.8648648648648649,0.9011547009980485,,for_instance_pointwise_v2,maximum_cardinality_one_to_one,union_of_reference_tree_and_eligible_prediction_points,0.5,228de89efd8dcc5fe267196d1617f8f434132a9d9ed84d5beb585ed5ca4953cb
segmentanytree,published_default,segmentanytree_for-instance_published_pretrained_20260710_231601,published_pretrained,PointGroup-PAPER.pt in the published container,0b4d74b4644e37a16f59008ad0f5c62894fc4d2d906f3abd803bbfc5b5dd803a,test,TUWIEN,TUWIEN/test,2280049,1212938,55,35,19,36,16,0.34545454545454546,0.5428571428571428,0.4222222222222222,0.7157372006258339,,for_instance_pointwise_v2,maximum_cardinality_one_to_one,union_of_reference_tree_and_eligible_prediction_points,0.5,228de89efd8dcc5fe267196d1617f8f434132a9d9ed84d5beb585ed5ca4953cb
segmentanytree,development_tuned,segmentanytree_for-instance_fine_tuned_on_dev_20260711_002931,fine_tuned_on_dev,Development-only fine-tune from PointGroup-PAPER.pt,,test,CULS,CULS/plot_2_annotated,3946098,1256573,20,20,20,0,0,1.0,1.0,1.0,0.9874771324959299,,for_instance_pointwise_v2,maximum_cardinality_one_to_one,union_of_reference_tree_and_eligible_prediction_points,0.5,f6efe92baa84aadfbd48b7d84219314b08d3e2eacfaee4fb264882c62006955a
segmentanytree,development_tuned,segmentanytree_for-instance_fine_tuned_on_dev_20260711_002931,fine_tuned_on_dev,Development-only fine-tune from PointGroup-PAPER.pt,,test,NIBIO,NIBIO/plot_17_annotated,6890118,2830952,30,30,29,1,1,0.9666666666666667,0.9666666666666667,0.9666666666666667,0.889487636789762,,for_instance_pointwise_v2,maximum_cardinality_one_to_one,union_of_reference_tree_and_eligible_prediction_points,0.5,f6efe92baa84aadfbd48b7d84219314b08d3e2eacfaee4fb264882c62006955a
segmentanytree,development_tuned,segmentanytree_for-instance_fine_tuned_on_dev_20260711_002931,fine_tuned_on_dev,Development-only fine-tune from PointGroup-PAPER.pt,,test,NIBIO,NIBIO/plot_18_annotated,6915118,2758701,25,27,24,1,3,0.96,0.8888888888888888,0.923076923076923,0.8575479236843,,for_instance_pointwise_v2,maximum_cardinality_one_to_one,union_of_reference_tree_and_eligible_prediction_points,0.5,f6efe92baa84aadfbd48b7d84219314b08d3e2eacfaee4fb264882c62006955a
segmentanytree,development_tuned,segmentanytree_for-instance_fine_tuned_on_dev_20260711_002931,fine_tuned_on_dev,Development-only fine-tune from PointGroup-PAPER.pt,,test,NIBIO,NIBIO/plot_1_annotated,5000698,2660304,25,37,24,1,13,0.96,0.6486486486486487,0.7741935483870968,0.8451022713032321,,for_instance_pointwise_v2,maximum_cardinality_one_to_one,union_of_reference_tree_and_eligible_prediction_points,0.5,f6efe92baa84aadfbd48b7d84219314b08d3e2eacfaee4fb264882c62006955a
segmentanytree,development_tuned,segmentanytree_for-instance_fine_tuned_on_dev_20260711_002931,fine_tuned_on_dev,Development-only fine-tune from PointGroup-PAPER.pt,,test,NIBIO,NIBIO/plot_22_annotated,6366607,3087013,17,20,16,1,4,0.9411764705882353,0.8,0.8648648648648648,0.8919590879500607,,for_instance_pointwise_v2,maximum_cardinality_one_to_one,union_of_reference_tree_and_eligible_prediction_points,0.5,f6efe92baa84aadfbd48b7d84219314b08d3e2eacfaee4fb264882c62006955a
segmentanytree,development_tuned,segmentanytree_for-instance_fine_tuned_on_dev_20260711_002931,fine_tuned_on_dev,Development-only fine-tune from PointGroup-PAPER.pt,,test,NIBIO,NIBIO/plot_23_annotated,6163377,2585576,22,28,21,1,7,0.9545454545454546,0.75,0.84,0.8317120289774493,,for_instance_pointwise_v2,maximum_cardinality_one_to_one,union_of_reference_tree_and_eligible_prediction_points,0.5,f6efe92baa84aadfbd48b7d84219314b08d3e2eacfaee4fb264882c62006955a
segmentanytree,development_tuned,segmentanytree_for-instance_fine_tuned_on_dev_20260711_002931,fine_tuned_on_dev,Development-only fine-tune from PointGroup-PAPER.pt,,test,NIBIO,NIBIO/plot_5_annotated,5223631,2252467,21,19,15,6,4,0.7142857142857143,0.7894736842105263,0.7500000000000001,0.8130277000299856,,for_instance_pointwise_v2,maximum_cardinality_one_to_one,union_of_reference_tree_and_eligible_prediction_points,0.5,f6efe92baa84aadfbd48b7d84219314b08d3e2eacfaee4fb264882c62006955a
segmentanytree,development_tuned,segmentanytree_for-instance_fine_tuned_on_dev_20260711_002931,fine_tuned_on_dev,Development-only fine-tune from PointGroup-PAPER.pt,,test,RMIT,RMIT/test,357435,180592,80,64,36,44,28,0.45,0.5625,0.5,0.7956887469952446,,for_instance_pointwise_v2,maximum_cardinality_one_to_one,union_of_reference_tree_and_eligible_prediction_points,0.5,f6efe92baa84aadfbd48b7d84219314b08d3e2eacfaee4fb264882c62006955a
segmentanytree,development_tuned,segmentanytree_for-instance_fine_tuned_on_dev_20260711_002931,fine_tuned_on_dev,Development-only fine-tune from PointGroup-PAPER.pt,,test,SCION,SCION/plot_31_annotated,2977537,2119242,27,25,23,4,2,0.8518518518518519,0.92,0.8846153846153846,0.9111337404088004,,for_instance_pointwise_v2,maximum_cardinality_one_to_one,union_of_reference_tree_and_eligible_prediction_points,0.5,f6efe92baa84aadfbd48b7d84219314b08d3e2eacfaee4fb264882c62006955a
segmentanytree,development_tuned,segmentanytree_for-instance_fine_tuned_on_dev_20260711_002931,fine_tuned_on_dev,Development-only fine-tune from PointGroup-PAPER.pt,,test,SCION,SCION/plot_61_annotated,3589254,2160005,17,18,16,1,2,0.9411764705882353,0.8888888888888888,0.9142857142857143,0.9168549597036441,,for_instance_pointwise_v2,maximum_cardinality_one_to_one,union_of_reference_tree_and_eligible_prediction_points,0.5,f6efe92baa84aadfbd48b7d84219314b08d3e2eacfaee4fb264882c62006955a
segmentanytree,development_tuned,segmentanytree_for-instance_fine_tuned_on_dev_20260711_002931,fine_tuned_on_dev,Development-only fine-tune from PointGroup-PAPER.pt,,test,TUWIEN,TUWIEN/test,2280049,1483692,27,35,13,14,22,0.48148148148148145,0.37142857142857144,0.41935483870967744,0.7031941065901006,,for_instance_pointwise_v2,maximum_cardinality_one_to_one,union_of_reference_tree_and_eligible_prediction_points,0.5,f6efe92baa84aadfbd48b7d84219314b08d3e2eacfaee4fb264882c62006955a
treelearn,published_default,treelearn_for-instance_published_pretrained_20260714_134109,published_pretrained,doi:10.25625/VPMPID/8CIIW0,f896ec072f01839cd1f1f38a990169eadc98774ed681390e948bc8853067d0b7,test,CULS,CULS/plot_2_annotated,3946098,1259134,20,20,20,0,0,1.0,1.0,1.0,0.9354092902600252,,for_instance_pointwise_v2,maximum_cardinality_one_to_one,union_of_reference_tree_and_eligible_prediction_points,0.5,54f4ba153bccc8126e46078d8aaf07b76af860c0075cc411d94f52da98fc1774
treelearn,published_default,treelearn_for-instance_published_pretrained_20260714_134109,published_pretrained,doi:10.25625/VPMPID/8CIIW0,f896ec072f01839cd1f1f38a990169eadc98774ed681390e948bc8853067d0b7,test,NIBIO,NIBIO/plot_17_annotated,6890118,2658930,39,30,4,35,26,0.10256410256410256,0.13333333333333333,0.11594202898550725,0.6772087757459146,,for_instance_pointwise_v2,maximum_cardinality_one_to_one,union_of_reference_tree_and_eligible_prediction_points,0.5,54f4ba153bccc8126e46078d8aaf07b76af860c0075cc411d94f52da98fc1774
treelearn,published_default,treelearn_for-instance_published_pretrained_20260714_134109,published_pretrained,doi:10.25625/VPMPID/8CIIW0,f896ec072f01839cd1f1f38a990169eadc98774ed681390e948bc8853067d0b7,test,NIBIO,NIBIO/plot_18_annotated,6915118,2106842,21,27,2,19,25,0.09523809523809523,0.07407407407407407,0.08333333333333333,0.6151188885354585,,for_instance_pointwise_v2,maximum_cardinality_one_to_one,union_of_reference_tree_and_eligible_prediction_points,0.5,54f4ba153bccc8126e46078d8aaf07b76af860c0075cc411d94f52da98fc1774
treelearn,published_default,treelearn_for-instance_published_pretrained_20260714_134109,published_pretrained,doi:10.25625/VPMPID/8CIIW0,f896ec072f01839cd1f1f38a990169eadc98774ed681390e948bc8853067d0b7,test,NIBIO,NIBIO/plot_1_annotated,5000698,2351965,10,37,0,10,37,0.0,0.0,0.0,0.0,,for_instance_pointwise_v2,maximum_cardinality_one_to_one,union_of_reference_tree_and_eligible_prediction_points,0.5,54f4ba153bccc8126e46078d8aaf07b76af860c0075cc411d94f52da98fc1774
treelearn,published_default,treelearn_for-instance_published_pretrained_20260714_134109,published_pretrained,doi:10.25625/VPMPID/8CIIW0,f896ec072f01839cd1f1f38a990169eadc98774ed681390e948bc8853067d0b7,test,NIBIO,NIBIO/plot_22_annotated,6366607,2275025,13,20,0,13,20,0.0,0.0,0.0,0.0,,for_instance_pointwise_v2,maximum_cardinality_one_to_one,union_of_reference_tree_and_eligible_prediction_points,0.5,54f4ba153bccc8126e46078d8aaf07b76af860c0075cc411d94f52da98fc1774
treelearn,published_default,treelearn_for-instance_published_pretrained_20260714_134109,published_pretrained,doi:10.25625/VPMPID/8CIIW0,f896ec072f01839cd1f1f38a990169eadc98774ed681390e948bc8853067d0b7,test,NIBIO,NIBIO/plot_23_annotated,6163377,2293145,25,28,1,24,27,0.04,0.03571428571428571,0.03773584905660378,0.8331782945736435,,for_instance_pointwise_v2,maximum_cardinality_one_to_one,union_of_reference_tree_and_eligible_prediction_points,0.5,54f4ba153bccc8126e46078d8aaf07b76af860c0075cc411d94f52da98fc1774
treelearn,published_default,treelearn_for-instance_published_pretrained_20260714_134109,published_pretrained,doi:10.25625/VPMPID/8CIIW0,f896ec072f01839cd1f1f38a990169eadc98774ed681390e948bc8853067d0b7,test,NIBIO,NIBIO/plot_5_annotated,5223631,1840407,16,19,1,15,18,0.0625,0.05263157894736842,0.05714285714285714,0.6582167283679488,,for_instance_pointwise_v2,maximum_cardinality_one_to_one,union_of_reference_tree_and_eligible_prediction_points,0.5,54f4ba153bccc8126e46078d8aaf07b76af860c0075cc411d94f52da98fc1774
treelearn,published_default,treelearn_for-instance_published_pretrained_20260714_134109,published_pretrained,doi:10.25625/VPMPID/8CIIW0,f896ec072f01839cd1f1f38a990169eadc98774ed681390e948bc8853067d0b7,test,RMIT,RMIT/test,357435,197972,26,64,6,20,58,0.23076923076923078,0.09375,0.13333333333333333,0.5735679573885039,,for_instance_pointwise_v2,maximum_cardinality_one_to_one,union_of_reference_tree_and_eligible_prediction_points,0.5,54f4ba153bccc8126e46078d8aaf07b76af860c0075cc411d94f52da98fc1774
treelearn,published_default,treelearn_for-instance_published_pretrained_20260714_134109,published_pretrained,doi:10.25625/VPMPID/8CIIW0,f896ec072f01839cd1f1f38a990169eadc98774ed681390e948bc8853067d0b7,test,SCION,SCION/plot_31_annotated,2977537,2028347,0,25,0,0,25,0.0,0.0,0.0,0.0,,for_instance_pointwise_v2,maximum_cardinality_one_to_one,union_of_reference_tree_and_eligible_prediction_points,0.5,54f4ba153bccc8126e46078d8aaf07b76af860c0075cc411d94f52da98fc1774
treelearn,published_default,treelearn_for-instance_published_pretrained_20260714_134109,published_pretrained,doi:10.25625/VPMPID/8CIIW0,f896ec072f01839cd1f1f38a990169eadc98774ed681390e948bc8853067d0b7,test,SCION,SCION/plot_61_annotated,3589254,2111180,2,18,0,2,18,0.0,0.0,0.0,0.0,,for_instance_pointwise_v2,maximum_cardinality_one_to_one,union_of_reference_tree_and_eligible_prediction_points,0.5,54f4ba153bccc8126e46078d8aaf07b76af860c0075cc411d94f52da98fc1774
treelearn,published_default,treelearn_for-instance_published_pretrained_20260714_134109,published_pretrained,doi:10.25625/VPMPID/8CIIW0,f896ec072f01839cd1f1f38a990169eadc98774ed681390e948bc8853067d0b7,test,TUWIEN,TUWIEN/test,2280049,1144743,19,35,0,19,35,0.0,0.0,0.0,0.0,,for_instance_pointwise_v2,maximum_cardinality_one_to_one,union_of_reference_tree_and_eligible_prediction_points,0.5,54f4ba153bccc8126e46078d8aaf07b76af860c0075cc411d94f52da98fc1774
treelearn,development_tuned,treelearn_for-instance_fine_tuned_on_dev_long_20260712_233227,fine_tuned_on_dev,epoch_35.pth from the frozen development training route,dcc02bb9fdd81cfbdb94454bb7a744c17eee7fa2c4a53096d529b21eb64fc590,test,CULS,CULS/plot_2_annotated,3946098,1262471,24,20,20,4,0,0.8333333333333334,1.0,0.9090909090909091,0.9467133612942706,,for_instance_pointwise_v2,maximum_cardinality_one_to_one,union_of_reference_tree_and_eligible_prediction_points,0.5,24af3519dfb0daa7658f06c71113d42d4b8540b53b999baf0e23a2dc07fd08b5
treelearn,development_tuned,treelearn_for-instance_fine_tuned_on_dev_long_20260712_233227,fine_tuned_on_dev,epoch_35.pth from the frozen development training route,dcc02bb9fdd81cfbdb94454bb7a744c17eee7fa2c4a53096d529b21eb64fc590,test,NIBIO,NIBIO/plot_17_annotated,6890118,2825590,30,30,15,15,15,0.5,0.5,0.5,0.6967435496548954,,for_instance_pointwise_v2,maximum_cardinality_one_to_one,union_of_reference_tree_and_eligible_prediction_points,0.5,24af3519dfb0daa7658f06c71113d42d4b8540b53b999baf0e23a2dc07fd08b5
treelearn,development_tuned,treelearn_for-instance_fine_tuned_on_dev_long_20260712_233227,fine_tuned_on_dev,epoch_35.pth from the frozen development training route,dcc02bb9fdd81cfbdb94454bb7a744c17eee7fa2c4a53096d529b21eb64fc590,test,NIBIO,NIBIO/plot_18_annotated,6915118,2240678,26,27,22,4,5,0.8461538461538461,0.8148148148148148,0.830188679245283,0.7269624310347876,,for_instance_pointwise_v2,maximum_cardinality_one_to_one,union_of_reference_tree_and_eligible_prediction_points,0.5,24af3519dfb0daa7658f06c71113d42d4b8540b53b999baf0e23a2dc07fd08b5
treelearn,development_tuned,treelearn_for-instance_fine_tuned_on_dev_long_20260712_233227,fine_tuned_on_dev,epoch_35.pth from the frozen development training route,dcc02bb9fdd81cfbdb94454bb7a744c17eee7fa2c4a53096d529b21eb64fc590,test,NIBIO,NIBIO/plot_1_annotated,5000698,2666114,33,37,12,21,25,0.36363636363636365,0.32432432432432434,0.34285714285714286,0.7342919577569266,,for_instance_pointwise_v2,maximum_cardinality_one_to_one,union_of_reference_tree_and_eligible_prediction_points,0.5,24af3519dfb0daa7658f06c71113d42d4b8540b53b999baf0e23a2dc07fd08b5
treelearn,development_tuned,treelearn_for-instance_fine_tuned_on_dev_long_20260712_233227,fine_tuned_on_dev,epoch_35.pth from the frozen development training route,dcc02bb9fdd81cfbdb94454bb7a744c17eee7fa2c4a53096d529b21eb64fc590,test,NIBIO,NIBIO/plot_22_annotated,6366607,2611446,21,20,14,7,6,0.6666666666666666,0.7,0.6829268292682926,0.7353406277820704,,for_instance_pointwise_v2,maximum_cardinality_one_to_one,union_of_reference_tree_and_eligible_prediction_points,0.5,24af3519dfb0daa7658f06c71113d42d4b8540b53b999baf0e23a2dc07fd08b5
treelearn,development_tuned,treelearn_for-instance_fine_tuned_on_dev_long_20260712_233227,fine_tuned_on_dev,epoch_35.pth from the frozen development training route,dcc02bb9fdd81cfbdb94454bb7a744c17eee7fa2c4a53096d529b21eb64fc590,test,NIBIO,NIBIO/plot_23_annotated,6163377,2513714,22,28,12,10,16,0.5454545454545454,0.42857142857142855,0.4799999999999999,0.7047579752946507,,for_instance_pointwise_v2,maximum_cardinality_one_to_one,union_of_reference_tree_and_eligible_prediction_points,0.5,24af3519dfb0daa7658f06c71113d42d4b8540b53b999baf0e23a2dc07fd08b5
treelearn,development_tuned,treelearn_for-instance_fine_tuned_on_dev_long_20260712_233227,fine_tuned_on_dev,epoch_35.pth from the frozen development training route,dcc02bb9fdd81cfbdb94454bb7a744c17eee7fa2c4a53096d529b21eb64fc590,test,NIBIO,NIBIO/plot_5_annotated,5223631,1911226,29,19,9,20,10,0.3103448275862069,0.47368421052631576,0.375,0.7420485390156539,,for_instance_pointwise_v2,maximum_cardinality_one_to_one,union_of_reference_tree_and_eligible_prediction_points,0.5,24af3519dfb0daa7658f06c71113d42d4b8540b53b999baf0e23a2dc07fd08b5
treelearn,development_tuned,treelearn_for-instance_fine_tuned_on_dev_long_20260712_233227,fine_tuned_on_dev,epoch_35.pth from the frozen development training route,dcc02bb9fdd81cfbdb94454bb7a744c17eee7fa2c4a53096d529b21eb64fc590,test,RMIT,RMIT/test,357435,196463,45,64,9,36,55,0.2,0.140625,0.1651376146788991,0.6192977860215073,,for_instance_pointwise_v2,maximum_cardinality_one_to_one,union_of_reference_tree_and_eligible_prediction_points,0.5,24af3519dfb0daa7658f06c71113d42d4b8540b53b999baf0e23a2dc07fd08b5
treelearn,development_tuned,treelearn_for-instance_fine_tuned_on_dev_long_20260712_233227,fine_tuned_on_dev,epoch_35.pth from the frozen development training route,dcc02bb9fdd81cfbdb94454bb7a744c17eee7fa2c4a53096d529b21eb64fc590,test,SCION,SCION/plot_31_annotated,2977537,2162146,24,25,18,6,7,0.75,0.72,0.7346938775510204,0.824006168447672,,for_instance_pointwise_v2,maximum_cardinality_one_to_one,union_of_reference_tree_and_eligible_prediction_points,0.5,24af3519dfb0daa7658f06c71113d42d4b8540b53b999baf0e23a2dc07fd08b5
treelearn,development_tuned,treelearn_for-instance_fine_tuned_on_dev_long_20260712_233227,fine_tuned_on_dev,epoch_35.pth from the frozen development training route,dcc02bb9fdd81cfbdb94454bb7a744c17eee7fa2c4a53096d529b21eb64fc590,test,SCION,SCION/plot_61_annotated,3589254,2232122,18,18,14,4,4,0.7777777777777778,0.7777777777777778,0.7777777777777778,0.8209729821337162,,for_instance_pointwise_v2,maximum_cardinality_one_to_one,union_of_reference_tree_and_eligible_prediction_points,0.5,24af3519dfb0daa7658f06c71113d42d4b8540b53b999baf0e23a2dc07fd08b5
treelearn,development_tuned,treelearn_for-instance_fine_tuned_on_dev_long_20260712_233227,fine_tuned_on_dev,epoch_35.pth from the frozen development training route,dcc02bb9fdd81cfbdb94454bb7a744c17eee7fa2c4a53096d529b21eb64fc590,test,TUWIEN,TUWIEN/test,2280049,1229382,31,35,12,19,23,0.3870967741935484,0.34285714285714286,0.3636363636363636,0.7160628273835589,,for_instance_pointwise_v2,maximum_cardinality_one_to_one,union_of_reference_tree_and_eligible_prediction_points,0.5,24af3519dfb0daa7658f06c71113d42d4b8540b53b999baf0e23a2dc07fd08b5
forestformer3d,published_default,forestformer3d__for-instance__published-pretrained__not-applicable__held-out-test__20260727T131900,published_pretrained,Zenodo published ForestFormer3D checkpoint,01037a648596832238ac72ea2f5eef87ceaf5aeb399e56ff4b760ba1ed1c777e,test,CULS,CULS/plot_2_annotated,3946098,1253666,20,20,20,0,0,1.0,1.0,1.0,0.9899009221073432,,for_instance_pointwise_v2,maximum_cardinality_one_to_one,union_of_reference_tree_and_eligible_prediction_points,0.5,342ac8ad2ee7881a78e8d20faf272092d6f93fb0878613ff9065a6266854e034
forestformer3d,published_default,forestformer3d__for-instance__published-pretrained__not-applicable__held-out-test__20260727T131900,published_pretrained,Zenodo published ForestFormer3D checkpoint,01037a648596832238ac72ea2f5eef87ceaf5aeb399e56ff4b760ba1ed1c777e,test,NIBIO,NIBIO/plot_17_annotated,6890118,2636788,29,30,28,1,2,0.9655172413793104,0.9333333333333333,0.9491525423728815,0.9365027225083018,,for_instance_pointwise_v2,maximum_cardinality_one_to_one,union_of_reference_tree_and_eligible_prediction_points,0.5,342ac8ad2ee7881a78e8d20faf272092d6f93fb0878613ff9065a6266854e034
forestformer3d,published_default,forestformer3d__for-instance__published-pretrained__not-applicable__held-out-test__20260727T131900,published_pretrained,Zenodo published ForestFormer3D checkpoint,01037a648596832238ac72ea2f5eef87ceaf5aeb399e56ff4b760ba1ed1c777e,test,NIBIO,NIBIO/plot_18_annotated,6915118,2113461,27,27,27,0,0,1.0,1.0,1.0,0.8974948444802718,,for_instance_pointwise_v2,maximum_cardinality_one_to_one,union_of_reference_tree_and_eligible_prediction_points,0.5,342ac8ad2ee7881a78e8d20faf272092d6f93fb0878613ff9065a6266854e034
forestformer3d,published_default,forestformer3d__for-instance__published-pretrained__not-applicable__held-out-test__20260727T131900,published_pretrained,Zenodo published ForestFormer3D checkpoint,01037a648596832238ac72ea2f5eef87ceaf5aeb399e56ff4b760ba1ed1c777e,test,NIBIO,NIBIO/plot_1_annotated,5000698,2366938,34,37,28,6,9,0.8235294117647058,0.7567567567567568,0.7887323943661971,0.8742612003871514,,for_instance_pointwise_v2,maximum_cardinality_one_to_one,union_of_reference_tree_and_eligible_prediction_points,0.5,342ac8ad2ee7881a78e8d20faf272092d6f93fb0878613ff9065a6266854e034
forestformer3d,published_default,forestformer3d__for-instance__published-pretrained__not-applicable__held-out-test__20260727T131900,published_pretrained,Zenodo published ForestFormer3D checkpoint,01037a648596832238ac72ea2f5eef87ceaf5aeb399e56ff4b760ba1ed1c777e,test,NIBIO,NIBIO/plot_22_annotated,6366607,2280187,22,20,19,3,1,0.8636363636363636,0.95,0.9047619047619048,0.9110595762700695,,for_instance_pointwise_v2,maximum_cardinality_one_to_one,union_of_reference_tree_and_eligible_prediction_points,0.5,342ac8ad2ee7881a78e8d20faf272092d6f93fb0878613ff9065a6266854e034
forestformer3d,published_default,forestformer3d__for-instance__published-pretrained__not-applicable__held-out-test__20260727T131900,published_pretrained,Zenodo published ForestFormer3D checkpoint,01037a648596832238ac72ea2f5eef87ceaf5aeb399e56ff4b760ba1ed1c777e,test,NIBIO,NIBIO/plot_23_annotated,6163377,2310158,28,28,25,3,3,0.8928571428571429,0.8928571428571429,0.8928571428571429,0.8865785201030115,,for_instance_pointwise_v2,maximum_cardinality_one_to_one,union_of_reference_tree_and_eligible_prediction_points,0.5,342ac8ad2ee7881a78e8d20faf272092d6f93fb0878613ff9065a6266854e034
forestformer3d,published_default,forestformer3d__for-instance__published-pretrained__not-applicable__held-out-test__20260727T131900,published_pretrained,Zenodo published ForestFormer3D checkpoint,01037a648596832238ac72ea2f5eef87ceaf5aeb399e56ff4b760ba1ed1c777e,test,NIBIO,NIBIO/plot_5_annotated,5223631,1847525,19,19,18,1,1,0.9473684210526315,0.9473684210526315,0.9473684210526315,0.8755728684386986,,for_instance_pointwise_v2,maximum_cardinality_one_to_one,union_of_reference_tree_and_eligible_prediction_points,0.5,342ac8ad2ee7881a78e8d20faf272092d6f93fb0878613ff9065a6266854e034
forestformer3d,published_default,forestformer3d__for-instance__published-pretrained__not-applicable__held-out-test__20260727T131900,published_pretrained,Zenodo published ForestFormer3D checkpoint,01037a648596832238ac72ea2f5eef87ceaf5aeb399e56ff4b760ba1ed1c777e,test,RMIT,RMIT/test,357435,179682,93,64,48,45,16,0.5161290322580645,0.75,0.6114649681528662,0.8510232154459435,,for_instance_pointwise_v2,maximum_cardinality_one_to_one,union_of_reference_tree_and_eligible_prediction_points,0.5,342ac8ad2ee7881a78e8d20faf272092d6f93fb0878613ff9065a6266854e034
forestformer3d,published_default,forestformer3d__for-instance__published-pretrained__not-applicable__held-out-test__20260727T131900,published_pretrained,Zenodo published ForestFormer3D checkpoint,01037a648596832238ac72ea2f5eef87ceaf5aeb399e56ff4b760ba1ed1c777e,test,SCION,SCION/plot_31_annotated,2977537,2047178,25,25,24,1,1,0.96,0.96,0.96,0.9206339391514716,,for_instance_pointwise_v2,maximum_cardinality_one_to_one,union_of_reference_tree_and_eligible_prediction_points,0.5,342ac8ad2ee7881a78e8d20faf272092d6f93fb0878613ff9065a6266854e034
forestformer3d,published_default,forestformer3d__for-instance__published-pretrained__not-applicable__held-out-test__20260727T131900,published_pretrained,Zenodo published ForestFormer3D checkpoint,01037a648596832238ac72ea2f5eef87ceaf5aeb399e56ff4b760ba1ed1c777e,test,SCION,SCION/plot_61_annotated,3589254,2110883,18,18,16,2,2,0.8888888888888888,0.8888888888888888,0.8888888888888888,0.9404916875852293,,for_instance_pointwise_v2,maximum_cardinality_one_to_one,union_of_reference_tree_and_eligible_prediction_points,0.5,342ac8ad2ee7881a78e8d20faf272092d6f93fb0878613ff9065a6266854e034
forestformer3d,published_default,forestformer3d__for-instance__published-pretrained__not-applicable__held-out-test__20260727T131900,published_pretrained,Zenodo published ForestFormer3D checkpoint,01037a648596832238ac72ea2f5eef87ceaf5aeb399e56ff4b760ba1ed1c777e,test,TUWIEN,TUWIEN/test,2280049,1261628,45,35,25,20,10,0.5555555555555556,0.7142857142857143,0.6250000000000001,0.7646319433671698,,for_instance_pointwise_v2,maximum_cardinality_one_to_one,union_of_reference_tree_and_eligible_prediction_points,0.5,342ac8ad2ee7881a78e8d20faf272092d6f93fb0878613ff9065a6266854e034
forestformer3d,development_tuned,forestformer3d__for-instance__fine-tuned-on-dev__best-validation__held-out-test__20260727T164303,fine_tuned_on_dev,Development-selected epoch 14 checkpoint,85818f253dd3ec97b79ba8187da73906244d3cd3d467e4d2a8ffbae42640b87a,test,CULS,CULS/plot_2_annotated,3946098,1254974,20,20,20,0,0,1.0,1.0,1.0,0.9880614665268078,,for_instance_pointwise_v2,maximum_cardinality_one_to_one,union_of_reference_tree_and_eligible_prediction_points,0.5,e6b9ce4ac64e22a4de68296d9e718575f89a77f064939820ae40f47acb0626db
forestformer3d,development_tuned,forestformer3d__for-instance__fine-tuned-on-dev__best-validation__held-out-test__20260727T164303,fine_tuned_on_dev,Development-selected epoch 14 checkpoint,85818f253dd3ec97b79ba8187da73906244d3cd3d467e4d2a8ffbae42640b87a,test,NIBIO,NIBIO/plot_17_annotated,6890118,2647105,28,30,28,0,2,1.0,0.9333333333333333,0.9655172413793104,0.9224349103873838,,for_instance_pointwise_v2,maximum_cardinality_one_to_one,union_of_reference_tree_and_eligible_prediction_points,0.5,e6b9ce4ac64e22a4de68296d9e718575f89a77f064939820ae40f47acb0626db
forestformer3d,development_tuned,forestformer3d__for-instance__fine-tuned-on-dev__best-validation__held-out-test__20260727T164303,fine_tuned_on_dev,Development-selected epoch 14 checkpoint,85818f253dd3ec97b79ba8187da73906244d3cd3d467e4d2a8ffbae42640b87a,test,NIBIO,NIBIO/plot_18_annotated,6915118,2121128,27,27,27,0,0,1.0,1.0,1.0,0.8807981471889621,,for_instance_pointwise_v2,maximum_cardinality_one_to_one,union_of_reference_tree_and_eligible_prediction_points,0.5,e6b9ce4ac64e22a4de68296d9e718575f89a77f064939820ae40f47acb0626db
forestformer3d,development_tuned,forestformer3d__for-instance__fine-tuned-on-dev__best-validation__held-out-test__20260727T164303,fine_tuned_on_dev,Development-selected epoch 14 checkpoint,85818f253dd3ec97b79ba8187da73906244d3cd3d467e4d2a8ffbae42640b87a,test,NIBIO,NIBIO/plot_1_annotated,5000698,2370483,30,37,28,2,9,0.9333333333333333,0.7567567567567568,0.835820895522388,0.8732848044692675,,for_instance_pointwise_v2,maximum_cardinality_one_to_one,union_of_reference_tree_and_eligible_prediction_points,0.5,e6b9ce4ac64e22a4de68296d9e718575f89a77f064939820ae40f47acb0626db
forestformer3d,development_tuned,forestformer3d__for-instance__fine-tuned-on-dev__best-validation__held-out-test__20260727T164303,fine_tuned_on_dev,Development-selected epoch 14 checkpoint,85818f253dd3ec97b79ba8187da73906244d3cd3d467e4d2a8ffbae42640b87a,test,NIBIO,NIBIO/plot_22_annotated,6366607,2288164,21,20,19,2,1,0.9047619047619048,0.95,0.9268292682926829,0.8876444438918006,,for_instance_pointwise_v2,maximum_cardinality_one_to_one,union_of_reference_tree_and_eligible_prediction_points,0.5,e6b9ce4ac64e22a4de68296d9e718575f89a77f064939820ae40f47acb0626db
forestformer3d,development_tuned,forestformer3d__for-instance__fine-tuned-on-dev__best-validation__held-out-test__20260727T164303,fine_tuned_on_dev,Development-selected epoch 14 checkpoint,85818f253dd3ec97b79ba8187da73906244d3cd3d467e4d2a8ffbae42640b87a,test,NIBIO,NIBIO/plot_23_annotated,6163377,2295320,24,28,23,1,5,0.9583333333333334,0.8214285714285714,0.8846153846153847,0.8839253565718576,,for_instance_pointwise_v2,maximum_cardinality_one_to_one,union_of_reference_tree_and_eligible_prediction_points,0.5,e6b9ce4ac64e22a4de68296d9e718575f89a77f064939820ae40f47acb0626db
forestformer3d,development_tuned,forestformer3d__for-instance__fine-tuned-on-dev__best-validation__held-out-test__20260727T164303,fine_tuned_on_dev,Development-selected epoch 14 checkpoint,85818f253dd3ec97b79ba8187da73906244d3cd3d467e4d2a8ffbae42640b87a,test,NIBIO,NIBIO/plot_5_annotated,5223631,1848924,18,19,18,0,1,1.0,0.9473684210526315,0.972972972972973,0.883309284312032,,for_instance_pointwise_v2,maximum_cardinality_one_to_one,union_of_reference_tree_and_eligible_prediction_points,0.5,e6b9ce4ac64e22a4de68296d9e718575f89a77f064939820ae40f47acb0626db
forestformer3d,development_tuned,forestformer3d__for-instance__fine-tuned-on-dev__best-validation__held-out-test__20260727T164303,fine_tuned_on_dev,Development-selected epoch 14 checkpoint,85818f253dd3ec97b79ba8187da73906244d3cd3d467e4d2a8ffbae42640b87a,test,RMIT,RMIT/test,357435,180996,60,64,40,20,24,0.6666666666666666,0.625,0.6451612903225806,0.8727251038676869,,for_instance_pointwise_v2,maximum_cardinality_one_to_one,union_of_reference_tree_and_eligible_prediction_points,0.5,e6b9ce4ac64e22a4de68296d9e718575f89a77f064939820ae40f47acb0626db
forestformer3d,development_tuned,forestformer3d__for-instance__fine-tuned-on-dev__best-validation__held-out-test__20260727T164303,fine_tuned_on_dev,Development-selected epoch 14 checkpoint,85818f253dd3ec97b79ba8187da73906244d3cd3d467e4d2a8ffbae42640b87a,test,SCION,SCION/plot_31_annotated,2977537,2037581,24,25,24,0,1,1.0,0.96,0.9795918367346939,0.9063026895978609,,for_instance_pointwise_v2,maximum_cardinality_one_to_one,union_of_reference_tree_and_eligible_prediction_points,0.5,e6b9ce4ac64e22a4de68296d9e718575f89a77f064939820ae40f47acb0626db
forestformer3d,development_tuned,forestformer3d__for-instance__fine-tuned-on-dev__best-validation__held-out-test__20260727T164303,fine_tuned_on_dev,Development-selected epoch 14 checkpoint,85818f253dd3ec97b79ba8187da73906244d3cd3d467e4d2a8ffbae42640b87a,test,SCION,SCION/plot_61_annotated,3589254,2109654,17,18,17,0,1,1.0,0.9444444444444444,0.9714285714285714,0.9013559041643776,,for_instance_pointwise_v2,maximum_cardinality_one_to_one,union_of_reference_tree_and_eligible_prediction_points,0.5,e6b9ce4ac64e22a4de68296d9e718575f89a77f064939820ae40f47acb0626db
forestformer3d,development_tuned,forestformer3d__for-instance__fine-tuned-on-dev__best-validation__held-out-test__20260727T164303,fine_tuned_on_dev,Development-selected epoch 14 checkpoint,85818f253dd3ec97b79ba8187da73906244d3cd3d467e4d2a8ffbae42640b87a,test,TUWIEN,TUWIEN/test,2280049,1331199,22,35,15,7,20,0.6818181818181818,0.42857142857142855,0.5263157894736843,0.7972256366130307,,for_instance_pointwise_v2,maximum_cardinality_one_to_one,union_of_reference_tree_and_eligible_prediction_points,0.5,e6b9ce4ac64e22a4de68296d9e718575f89a77f064939820ae40f47acb0626db
forainet,published_default,forainet__for-instance__published-pretrained__none__test__20260727T130130,published_pretrained,official PointGroup-PAPER.pt,97c03ce81621dc4193e55d2ca2294861b1f4421c94d192799e5fe031f9d35861,test,CULS,CULS/plot_2_annotated,3946098,1254874,20,20,20,0,0,1.0,1.0,1.0,0.9753445065107623,,for_instance_pointwise_v2,maximum_cardinality_one_to_one,union_of_reference_tree_and_eligible_prediction_points,0.5,f95244667b10376f14149cab379bdbbae45ea22091b394b35d11b42397e0d08c
forainet,published_default,forainet__for-instance__published-pretrained__none__test__20260727T130130,published_pretrained,official PointGroup-PAPER.pt,97c03ce81621dc4193e55d2ca2294861b1f4421c94d192799e5fe031f9d35861,test,NIBIO,NIBIO/plot_17_annotated,6890118,2664424,28,30,27,1,3,0.9642857142857143,0.9,0.9310344827586207,0.9074867729757429,,for_instance_pointwise_v2,maximum_cardinality_one_to_one,union_of_reference_tree_and_eligible_prediction_points,0.5,f95244667b10376f14149cab379bdbbae45ea22091b394b35d11b42397e0d08c
forainet,published_default,forainet__for-instance__published-pretrained__none__test__20260727T130130,published_pretrained,official PointGroup-PAPER.pt,97c03ce81621dc4193e55d2ca2294861b1f4421c94d192799e5fe031f9d35861,test,NIBIO,NIBIO/plot_18_annotated,6915118,2120315,26,27,26,0,1,1.0,0.9629629629629629,0.9811320754716981,0.8720863920064102,,for_instance_pointwise_v2,maximum_cardinality_one_to_one,union_of_reference_tree_and_eligible_prediction_points,0.5,f95244667b10376f14149cab379bdbbae45ea22091b394b35d11b42397e0d08c
forainet,published_default,forainet__for-instance__published-pretrained__none__test__20260727T130130,published_pretrained,official PointGroup-PAPER.pt,97c03ce81621dc4193e55d2ca2294861b1f4421c94d192799e5fe031f9d35861,test,NIBIO,NIBIO/plot_1_annotated,5000698,2394874,26,37,22,4,15,0.8461538461538461,0.5945945945945946,0.6984126984126985,0.7878343271331754,,for_instance_pointwise_v2,maximum_cardinality_one_to_one,union_of_reference_tree_and_eligible_prediction_points,0.5,f95244667b10376f14149cab379bdbbae45ea22091b394b35d11b42397e0d08c
forainet,published_default,forainet__for-instance__published-pretrained__none__test__20260727T130130,published_pretrained,official PointGroup-PAPER.pt,97c03ce81621dc4193e55d2ca2294861b1f4421c94d192799e5fe031f9d35861,test,NIBIO,NIBIO/plot_22_annotated,6366607,2314370,17,20,17,0,3,1.0,0.85,0.9189189189189189,0.8888318507302406,,for_instance_pointwise_v2,maximum_cardinality_one_to_one,union_of_reference_tree_and_eligible_prediction_points,0.5,f95244667b10376f14149cab379bdbbae45ea22091b394b35d11b42397e0d08c
forainet,published_default,forainet__for-instance__published-pretrained__none__test__20260727T130130,published_pretrained,official PointGroup-PAPER.pt,97c03ce81621dc4193e55d2ca2294861b1f4421c94d192799e5fe031f9d35861,test,NIBIO,NIBIO/plot_23_annotated,6163377,2379400,25,28,21,4,7,0.84,0.75,0.7924528301886793,0.7566534344712331,,for_instance_pointwise_v2,maximum_cardinality_one_to_one,union_of_reference_tree_and_eligible_prediction_points,0.5,f95244667b10376f14149cab379bdbbae45ea22091b394b35d11b42397e0d08c
forainet,published_default,forainet__for-instance__published-pretrained__none__test__20260727T130130,published_pretrained,official PointGroup-PAPER.pt,97c03ce81621dc4193e55d2ca2294861b1f4421c94d192799e5fe031f9d35861,test,NIBIO,NIBIO/plot_5_annotated,5223631,1858122,18,19,15,3,4,0.8333333333333334,0.7894736842105263,0.8108108108108109,0.8355805900335087,,for_instance_pointwise_v2,maximum_cardinality_one_to_one,union_of_reference_tree_and_eligible_prediction_points,0.5,f95244667b10376f14149cab379bdbbae45ea22091b394b35d11b42397e0d08c
forainet,published_default,forainet__for-instance__published-pretrained__none__test__20260727T130130,published_pretrained,official PointGroup-PAPER.pt,97c03ce81621dc4193e55d2ca2294861b1f4421c94d192799e5fe031f9d35861,test,RMIT,RMIT/test,357435,181830,75,64,35,40,29,0.4666666666666667,0.546875,0.5035971223021581,0.8163247907914308,,for_instance_pointwise_v2,maximum_cardinality_one_to_one,union_of_reference_tree_and_eligible_prediction_points,0.5,f95244667b10376f14149cab379bdbbae45ea22091b394b35d11b42397e0d08c
forainet,published_default,forainet__for-instance__published-pretrained__none__test__20260727T130130,published_pretrained,official PointGroup-PAPER.pt,97c03ce81621dc4193e55d2ca2294861b1f4421c94d192799e5fe031f9d35861,test,SCION,SCION/plot_31_annotated,2977537,2051643,26,25,24,2,1,0.9230769230769231,0.96,0.9411764705882353,0.8672487488495033,,for_instance_pointwise_v2,maximum_cardinality_one_to_one,union_of_reference_tree_and_eligible_prediction_points,0.5,f95244667b10376f14149cab379bdbbae45ea22091b394b35d11b42397e0d08c
forainet,published_default,forainet__for-instance__published-pretrained__none__test__20260727T130130,published_pretrained,official PointGroup-PAPER.pt,97c03ce81621dc4193e55d2ca2294861b1f4421c94d192799e5fe031f9d35861,test,SCION,SCION/plot_61_annotated,3589254,2126057,16,18,14,2,4,0.875,0.7777777777777778,0.823529411764706,0.9060582203389466,,for_instance_pointwise_v2,maximum_cardinality_one_to_one,union_of_reference_tree_and_eligible_prediction_points,0.5,f95244667b10376f14149cab379bdbbae45ea22091b394b35d11b42397e0d08c
forainet,published_default,forainet__for-instance__published-pretrained__none__test__20260727T130130,published_pretrained,official PointGroup-PAPER.pt,97c03ce81621dc4193e55d2ca2294861b1f4421c94d192799e5fe031f9d35861,test,TUWIEN,TUWIEN/test,2280049,1226437,47,35,19,28,16,0.40425531914893614,0.5428571428571428,0.46341463414634143,0.7501249179905164,,for_instance_pointwise_v2,maximum_cardinality_one_to_one,union_of_reference_tree_and_eligible_prediction_points,0.5,f95244667b10376f14149cab379bdbbae45ea22091b394b35d11b42397e0d08c
forainet,development_tuned,forainet__for-instance__fine-tuned-dev__best-validation__test__20260805T125611,fine_tuned_on_dev,Development-selected epoch 60 checkpoint,c341a80a4d4f40587007513b3da0cf9e932901e1f2a8e48f8d5427a86466c586,test,CULS,CULS/plot_2_annotated,3946098,1254921,21,20,20,1,0,0.9523809523809523,1.0,0.975609756097561,0.9692123718332064,,for_instance_pointwise_v2,maximum_cardinality_one_to_one,union_of_reference_tree_and_eligible_prediction_points,0.5,3d46d9cff9ae44213ae8ff0b20d07819ff45fbbd90fbfebf8b14c99d96c413ec
forainet,development_tuned,forainet__for-instance__fine-tuned-dev__best-validation__test__20260805T125611,fine_tuned_on_dev,Development-selected epoch 60 checkpoint,c341a80a4d4f40587007513b3da0cf9e932901e1f2a8e48f8d5427a86466c586,test,NIBIO,NIBIO/plot_17_annotated,6890118,2663971,28,30,28,0,2,1.0,0.9333333333333333,0.9655172413793104,0.8955919883136855,,for_instance_pointwise_v2,maximum_cardinality_one_to_one,union_of_reference_tree_and_eligible_prediction_points,0.5,3d46d9cff9ae44213ae8ff0b20d07819ff45fbbd90fbfebf8b14c99d96c413ec
forainet,development_tuned,forainet__for-instance__fine-tuned-dev__best-validation__test__20260805T125611,fine_tuned_on_dev,Development-selected epoch 60 checkpoint,c341a80a4d4f40587007513b3da0cf9e932901e1f2a8e48f8d5427a86466c586,test,NIBIO,NIBIO/plot_18_annotated,6915118,2105301,25,27,25,0,2,1.0,0.9259259259259259,0.9615384615384615,0.8762880140160321,,for_instance_pointwise_v2,maximum_cardinality_one_to_one,union_of_reference_tree_and_eligible_prediction_points,0.5,3d46d9cff9ae44213ae8ff0b20d07819ff45fbbd90fbfebf8b14c99d96c413ec
forainet,development_tuned,forainet__for-instance__fine-tuned-dev__best-validation__test__20260805T125611,fine_tuned_on_dev,Development-selected epoch 60 checkpoint,c341a80a4d4f40587007513b3da0cf9e932901e1f2a8e48f8d5427a86466c586,test,NIBIO,NIBIO/plot_1_annotated,5000698,2388417,30,37,27,3,10,0.9,0.7297297297297297,0.8059701492537312,0.8127970141312132,,for_instance_pointwise_v2,maximum_cardinality_one_to_one,union_of_reference_tree_and_eligible_prediction_points,0.5,3d46d9cff9ae44213ae8ff0b20d07819ff45fbbd90fbfebf8b14c99d96c413ec
forainet,development_tuned,forainet__for-instance__fine-tuned-dev__best-validation__test__20260805T125611,fine_tuned_on_dev,Development-selected epoch 60 checkpoint,c341a80a4d4f40587007513b3da0cf9e932901e1f2a8e48f8d5427a86466c586,test,NIBIO,NIBIO/plot_22_annotated,6366607,2308833,18,20,18,0,2,1.0,0.9,0.9473684210526316,0.8971137813264544,,for_instance_pointwise_v2,maximum_cardinality_one_to_one,union_of_reference_tree_and_eligible_prediction_points,0.5,3d46d9cff9ae44213ae8ff0b20d07819ff45fbbd90fbfebf8b14c99d96c413ec
forainet,development_tuned,forainet__for-instance__fine-tuned-dev__best-validation__test__20260805T125611,fine_tuned_on_dev,Development-selected epoch 60 checkpoint,c341a80a4d4f40587007513b3da0cf9e932901e1f2a8e48f8d5427a86466c586,test,NIBIO,NIBIO/plot_23_annotated,6163377,2347392,26,28,23,3,5,0.8846153846153846,0.8214285714285714,0.8518518518518519,0.806840874600469,,for_instance_pointwise_v2,maximum_cardinality_one_to_one,union_of_reference_tree_and_eligible_prediction_points,0.5,3d46d9cff9ae44213ae8ff0b20d07819ff45fbbd90fbfebf8b14c99d96c413ec
forainet,development_tuned,forainet__for-instance__fine-tuned-dev__best-validation__test__20260805T125611,fine_tuned_on_dev,Development-selected epoch 60 checkpoint,c341a80a4d4f40587007513b3da0cf9e932901e1f2a8e48f8d5427a86466c586,test,NIBIO,NIBIO/plot_5_annotated,5223631,1849010,19,19,16,3,3,0.8421052631578947,0.8421052631578947,0.8421052631578947,0.88962018256139,,for_instance_pointwise_v2,maximum_cardinality_one_to_one,union_of_reference_tree_and_eligible_prediction_points,0.5,3d46d9cff9ae44213ae8ff0b20d07819ff45fbbd90fbfebf8b14c99d96c413ec
forainet,development_tuned,forainet__for-instance__fine-tuned-dev__best-validation__test__20260805T125611,fine_tuned_on_dev,Development-selected epoch 60 checkpoint,c341a80a4d4f40587007513b3da0cf9e932901e1f2a8e48f8d5427a86466c586,test,RMIT,RMIT/test,357435,180998,75,64,32,43,32,0.4266666666666667,0.5,0.46043165467625896,0.8484657234952557,,for_instance_pointwise_v2,maximum_cardinality_one_to_one,union_of_reference_tree_and_eligible_prediction_points,0.5,3d46d9cff9ae44213ae8ff0b20d07819ff45fbbd90fbfebf8b14c99d96c413ec
forainet,development_tuned,forainet__for-instance__fine-tuned-dev__best-validation__test__20260805T125611,fine_tuned_on_dev,Development-selected epoch 60 checkpoint,c341a80a4d4f40587007513b3da0cf9e932901e1f2a8e48f8d5427a86466c586,test,SCION,SCION/plot_31_annotated,2977537,2074884,28,25,24,4,1,0.8571428571428571,0.96,0.9056603773584904,0.8869043550988879,,for_instance_pointwise_v2,maximum_cardinality_one_to_one,union_of_reference_tree_and_eligible_prediction_points,0.5,3d46d9cff9ae44213ae8ff0b20d07819ff45fbbd90fbfebf8b14c99d96c413ec
forainet,development_tuned,forainet__for-instance__fine-tuned-dev__best-validation__test__20260805T125611,fine_tuned_on_dev,Development-selected epoch 60 checkpoint,c341a80a4d4f40587007513b3da0cf9e932901e1f2a8e48f8d5427a86466c586,test,SCION,SCION/plot_61_annotated,3589254,2127052,16,18,16,0,2,1.0,0.8888888888888888,0.9411764705882353,0.8903971323064194,,for_instance_pointwise_v2,maximum_cardinality_one_to_one,union_of_reference_tree_and_eligible_prediction_points,0.5,3d46d9cff9ae44213ae8ff0b20d07819ff45fbbd90fbfebf8b14c99d96c413ec
forainet,development_tuned,forainet__for-instance__fine-tuned-dev__best-validation__test__20260805T125611,fine_tuned_on_dev,Development-selected epoch 60 checkpoint,c341a80a4d4f40587007513b3da0cf9e932901e1f2a8e48f8d5427a86466c586,test,TUWIEN,TUWIEN/test,2280049,1223847,42,35,18,24,17,0.42857142857142855,0.5142857142857142,0.4675324675324675,0.7247244298127408,,for_instance_pointwise_v2,maximum_cardinality_one_to_one,union_of_reference_tree_and_eligible_prediction_points,0.5,3d46d9cff9ae44213ae8ff0b20d07819ff45fbbd90fbfebf8b14c99d96c413ec
tls2trees,published_default,tls2trees_published_default_shared_pointwise_test_20260805_175930,external_training_only,bundled FSCT semantic model,1a8bb6372394600f7c4b15f76beb98c32cb47ed25f8f729a84117ccfa410e72b,test,CULS,CULS/plot_2_annotated,3946098,1252762,0,20,0,0,20,0.0,0.0,0.0,0.0,0.0,for_instance_pointwise_v2,maximum_cardinality_one_to_one,union_of_reference_tree_and_eligible_prediction_points,0.5,76bfe6da3f0dc43be1f9bd74fe1e7e6322293e3c75fea40c50c0fb1d875057b0
tls2trees,published_default,tls2trees_published_default_shared_pointwise_test_20260805_175930,external_training_only,bundled FSCT semantic model,1a8bb6372394600f7c4b15f76beb98c32cb47ed25f8f729a84117ccfa410e72b,test,NIBIO,NIBIO/plot_17_annotated,6890118,2610198,0,30,0,0,30,0.0,0.0,0.0,0.0,0.0,for_instance_pointwise_v2,maximum_cardinality_one_to_one,union_of_reference_tree_and_eligible_prediction_points,0.5,76bfe6da3f0dc43be1f9bd74fe1e7e6322293e3c75fea40c50c0fb1d875057b0
tls2trees,published_default,tls2trees_published_default_shared_pointwise_test_20260805_175930,external_training_only,bundled FSCT semantic model,1a8bb6372394600f7c4b15f76beb98c32cb47ed25f8f729a84117ccfa410e72b,test,NIBIO,NIBIO/plot_18_annotated,6915118,2064772,0,27,0,0,27,0.0,0.0,0.0,0.0,0.0,for_instance_pointwise_v2,maximum_cardinality_one_to_one,union_of_reference_tree_and_eligible_prediction_points,0.5,76bfe6da3f0dc43be1f9bd74fe1e7e6322293e3c75fea40c50c0fb1d875057b0
tls2trees,published_default,tls2trees_published_default_shared_pointwise_test_20260805_175930,external_training_only,bundled FSCT semantic model,1a8bb6372394600f7c4b15f76beb98c32cb47ed25f8f729a84117ccfa410e72b,test,NIBIO,NIBIO/plot_1_annotated,5000698,2349911,0,37,0,0,37,0.0,0.0,0.0,0.0,0.0,for_instance_pointwise_v2,maximum_cardinality_one_to_one,union_of_reference_tree_and_eligible_prediction_points,0.5,76bfe6da3f0dc43be1f9bd74fe1e7e6322293e3c75fea40c50c0fb1d875057b0
tls2trees,published_default,tls2trees_published_default_shared_pointwise_test_20260805_175930,external_training_only,bundled FSCT semantic model,1a8bb6372394600f7c4b15f76beb98c32cb47ed25f8f729a84117ccfa410e72b,test,NIBIO,NIBIO/plot_22_annotated,6366607,2234385,0,20,0,0,20,0.0,0.0,0.0,0.0,0.0,for_instance_pointwise_v2,maximum_cardinality_one_to_one,union_of_reference_tree_and_eligible_prediction_points,0.5,76bfe6da3f0dc43be1f9bd74fe1e7e6322293e3c75fea40c50c0fb1d875057b0
tls2trees,published_default,tls2trees_published_default_shared_pointwise_test_20260805_175930,external_training_only,bundled FSCT semantic model,1a8bb6372394600f7c4b15f76beb98c32cb47ed25f8f729a84117ccfa410e72b,test,NIBIO,NIBIO/plot_23_annotated,6163377,2264782,0,28,0,0,28,0.0,0.0,0.0,0.0,0.0,for_instance_pointwise_v2,maximum_cardinality_one_to_one,union_of_reference_tree_and_eligible_prediction_points,0.5,76bfe6da3f0dc43be1f9bd74fe1e7e6322293e3c75fea40c50c0fb1d875057b0
tls2trees,published_default,tls2trees_published_default_shared_pointwise_test_20260805_175930,external_training_only,bundled FSCT semantic model,1a8bb6372394600f7c4b15f76beb98c32cb47ed25f8f729a84117ccfa410e72b,test,NIBIO,NIBIO/plot_5_annotated,5223631,1847526,1,19,0,1,19,0.0,0.0,0.0,0.0,0.0,for_instance_pointwise_v2,maximum_cardinality_one_to_one,union_of_reference_tree_and_eligible_prediction_points,0.5,76bfe6da3f0dc43be1f9bd74fe1e7e6322293e3c75fea40c50c0fb1d875057b0
tls2trees,published_default,tls2trees_published_default_shared_pointwise_test_20260805_175930,external_training_only,bundled FSCT semantic model,1a8bb6372394600f7c4b15f76beb98c32cb47ed25f8f729a84117ccfa410e72b,test,RMIT,RMIT/test,357435,178761,0,64,0,0,64,0.0,0.0,0.0,0.0,0.0,for_instance_pointwise_v2,maximum_cardinality_one_to_one,union_of_reference_tree_and_eligible_prediction_points,0.5,76bfe6da3f0dc43be1f9bd74fe1e7e6322293e3c75fea40c50c0fb1d875057b0
tls2trees,published_default,tls2trees_published_default_shared_pointwise_test_20260805_175930,external_training_only,bundled FSCT semantic model,1a8bb6372394600f7c4b15f76beb98c32cb47ed25f8f729a84117ccfa410e72b,test,SCION,SCION/plot_31_annotated,2977537,2028347,0,25,0,0,25,0.0,0.0,0.0,0.0,0.0,for_instance_pointwise_v2,maximum_cardinality_one_to_one,union_of_reference_tree_and_eligible_prediction_points,0.5,76bfe6da3f0dc43be1f9bd74fe1e7e6322293e3c75fea40c50c0fb1d875057b0
tls2trees,published_default,tls2trees_published_default_shared_pointwise_test_20260805_175930,external_training_only,bundled FSCT semantic model,1a8bb6372394600f7c4b15f76beb98c32cb47ed25f8f729a84117ccfa410e72b,test,SCION,SCION/plot_61_annotated,3589254,2103561,0,18,0,0,18,0.0,0.0,0.0,0.0,0.0,for_instance_pointwise_v2,maximum_cardinality_one_to_one,union_of_reference_tree_and_eligible_prediction_points,0.5,76bfe6da3f0dc43be1f9bd74fe1e7e6322293e3c75fea40c50c0fb1d875057b0
tls2trees,published_default,tls2trees_published_default_shared_pointwise_test_20260805_175930,external_training_only,bundled FSCT semantic model,1a8bb6372394600f7c4b15f76beb98c32cb47ed25f8f729a84117ccfa410e72b,test,TUWIEN,TUWIEN/test,2280049,1825187,1,35,0,1,35,0.0,0.0,0.0,0.0,0.0,for_instance_pointwise_v2,maximum_cardinality_one_to_one,union_of_reference_tree_and_eligible_prediction_points,0.5,76bfe6da3f0dc43be1f9bd74fe1e7e6322293e3c75fea40c50c0fb1d875057b0
tls2trees,development_tuned,tls2trees_candidate_j_for-instance_development_tuned_held_out_test_20260805_175954,external_training_only,bundled FSCT semantic model unchanged from published baseline,1a8bb6372394600f7c4b15f76beb98c32cb47ed25f8f729a84117ccfa410e72b,test,CULS,CULS/plot_2_annotated,3946098,1292697,19,20,18,1,2,0.9473684210526315,0.9,0.9230769230769231,0.8588200334969206,0.9546315907582328,for_instance_pointwise_v2,maximum_cardinality_one_to_one,union_of_reference_tree_and_eligible_prediction_points,0.5,062301892bd220c6d488283adf95fd494075832378dd1a37cd96d4830960d62d
tls2trees,development_tuned,tls2trees_candidate_j_for-instance_development_tuned_held_out_test_20260805_175954,external_training_only,bundled FSCT semantic model unchanged from published baseline,1a8bb6372394600f7c4b15f76beb98c32cb47ed25f8f729a84117ccfa410e72b,test,NIBIO,NIBIO/plot_17_annotated,6890118,3270020,31,30,5,26,25,0.16129032258064516,0.16666666666666666,0.16393442622950818,0.9161866949632967,0.9088954216342752,for_instance_pointwise_v2,maximum_cardinality_one_to_one,union_of_reference_tree_and_eligible_prediction_points,0.5,062301892bd220c6d488283adf95fd494075832378dd1a37cd96d4830960d62d
tls2trees,development_tuned,tls2trees_candidate_j_for-instance_development_tuned_held_out_test_20260805_175954,external_training_only,bundled FSCT semantic model unchanged from published baseline,1a8bb6372394600f7c4b15f76beb98c32cb47ed25f8f729a84117ccfa410e72b,test,NIBIO,NIBIO/plot_18_annotated,6915118,2103395,28,27,8,20,19,0.2857142857142857,0.2962962962962963,0.2909090909090909,0.7140992176225828,0.6675554465065148,for_instance_pointwise_v2,maximum_cardinality_one_to_one,union_of_reference_tree_and_eligible_prediction_points,0.5,062301892bd220c6d488283adf95fd494075832378dd1a37cd96d4830960d62d
tls2trees,development_tuned,tls2trees_candidate_j_for-instance_development_tuned_held_out_test_20260805_175954,external_training_only,bundled FSCT semantic model unchanged from published baseline,1a8bb6372394600f7c4b15f76beb98c32cb47ed25f8f729a84117ccfa410e72b,test,NIBIO,NIBIO/plot_1_annotated,5000698,2712337,37,37,18,19,19,0.4864864864864865,0.4864864864864865,0.4864864864864865,0.6907102365282299,0.6949305581501845,for_instance_pointwise_v2,maximum_cardinality_one_to_one,union_of_reference_tree_and_eligible_prediction_points,0.5,062301892bd220c6d488283adf95fd494075832378dd1a37cd96d4830960d62d
tls2trees,development_tuned,tls2trees_candidate_j_for-instance_development_tuned_held_out_test_20260805_175954,external_training_only,bundled FSCT semantic model unchanged from published baseline,1a8bb6372394600f7c4b15f76beb98c32cb47ed25f8f729a84117ccfa410e72b,test,NIBIO,NIBIO/plot_22_annotated,6366607,2835530,28,20,6,22,14,0.21428571428571427,0.3,0.25,0.6796435960632531,0.6672052207598633,for_instance_pointwise_v2,maximum_cardinality_one_to_one,union_of_reference_tree_and_eligible_prediction_points,0.5,062301892bd220c6d488283adf95fd494075832378dd1a37cd96d4830960d62d
tls2trees,development_tuned,tls2trees_candidate_j_for-instance_development_tuned_held_out_test_20260805_175954,external_training_only,bundled FSCT semantic model unchanged from published baseline,1a8bb6372394600f7c4b15f76beb98c32cb47ed25f8f729a84117ccfa410e72b,test,NIBIO,NIBIO/plot_23_annotated,6163377,2469962,37,28,9,28,19,0.24324324324324326,0.32142857142857145,0.27692307692307694,0.7353926189185866,0.7475816547171958,for_instance_pointwise_v2,maximum_cardinality_one_to_one,union_of_reference_tree_and_eligible_prediction_points,0.5,062301892bd220c6d488283adf95fd494075832378dd1a37cd96d4830960d62d
tls2trees,development_tuned,tls2trees_candidate_j_for-instance_development_tuned_held_out_test_20260805_175954,external_training_only,bundled FSCT semantic model unchanged from published baseline,1a8bb6372394600f7c4b15f76beb98c32cb47ed25f8f729a84117ccfa410e72b,test,NIBIO,NIBIO/plot_5_annotated,5223631,2003056,36,19,3,33,16,0.08333333333333333,0.15789473684210525,0.1090909090909091,0.6861312791822692,0.6837445046925724,for_instance_pointwise_v2,maximum_cardinality_one_to_one,union_of_reference_tree_and_eligible_prediction_points,0.5,062301892bd220c6d488283adf95fd494075832378dd1a37cd96d4830960d62d
tls2trees,development_tuned,tls2trees_candidate_j_for-instance_development_tuned_held_out_test_20260805_175954,external_training_only,bundled FSCT semantic model unchanged from published baseline,1a8bb6372394600f7c4b15f76beb98c32cb47ed25f8f729a84117ccfa410e72b,test,RMIT,RMIT/test,357435,181523,46,64,12,34,52,0.2608695652173913,0.1875,0.21818181818181817,0.7633045755786654,0.7268155053974485,for_instance_pointwise_v2,maximum_cardinality_one_to_one,union_of_reference_tree_and_eligible_prediction_points,0.5,062301892bd220c6d488283adf95fd494075832378dd1a37cd96d4830960d62d
tls2trees,development_tuned,tls2trees_candidate_j_for-instance_development_tuned_held_out_test_20260805_175954,external_training_only,bundled FSCT semantic model unchanged from published baseline,1a8bb6372394600f7c4b15f76beb98c32cb47ed25f8f729a84117ccfa410e72b,test,SCION,SCION/plot_31_annotated,2977537,2174116,29,25,8,21,17,0.27586206896551724,0.32,0.29629629629629634,0.7355954281779016,0.7814438963503929,for_instance_pointwise_v2,maximum_cardinality_one_to_one,union_of_reference_tree_and_eligible_prediction_points,0.5,062301892bd220c6d488283adf95fd494075832378dd1a37cd96d4830960d62d
tls2trees,development_tuned,tls2trees_candidate_j_for-instance_development_tuned_held_out_test_20260805_175954,external_training_only,bundled FSCT semantic model unchanged from published baseline,1a8bb6372394600f7c4b15f76beb98c32cb47ed25f8f729a84117ccfa410e72b,test,SCION,SCION/plot_61_annotated,3589254,2331463,21,18,7,14,11,0.3333333333333333,0.3888888888888889,0.358974358974359,0.71329562449411,0.7429854096520763,for_instance_pointwise_v2,maximum_cardinality_one_to_one,union_of_reference_tree_and_eligible_prediction_points,0.5,062301892bd220c6d488283adf95fd494075832378dd1a37cd96d4830960d62d
tls2trees,development_tuned,tls2trees_candidate_j_for-instance_development_tuned_held_out_test_20260805_175954,external_training_only,bundled FSCT semantic model unchanged from published baseline,1a8bb6372394600f7c4b15f76beb98c32cb47ed25f8f729a84117ccfa410e72b,test,TUWIEN,TUWIEN/test,2280049,1270446,83,35,5,78,30,0.060240963855421686,0.14285714285714285,0.0847457627118644,0.7157285906767172,0.7606949374182701,for_instance_pointwise_v2,maximum_cardinality_one_to_one,union_of_reference_tree_and_eligible_prediction_points,0.5,062301892bd220c6d488283adf95fd494075832378dd1a37cd96d4830960d62d
